file,state,y,group,phone,distance_m,step,parse_ok,flags,extras,error,duration_s,sample_rate,rms_dbfs,steady_dbfs,peak_dbfs,bump,band_20_100,band_100_300,band_300_1000,band_1000_3000,band_3000_8000,pulse_found,pulse_hz,pulse_ratio
2026-10-04_17-00-00_audio_fan-ON-3m-roomA_dist-TBD_nord.wav,on,1,A,nord,3.0000,,True,dist-TBD,,,4.0000,16000,-46.2164,-46.3021,-29.1177,False,-66.4341,-52.7359,-57.5804,-53.0472,-49.3619,True,20.0195,94.5769
2026-10-04_17-00-01_audio_fan-ON-3m-roomA_dist-TBD_nord.wav,on,1,A,nord,3.0000,,True,dist-TBD,,,4.0000,16000,-47.4231,-47.4856,-33.9313,False,-68.2376,-53.8719,-59.0169,-54.2875,-50.5387,False,26.7578,2.5373
2026-10-04_17-00-02_audio_fan-ON-3m-roomA_dist-TBD_nord.wav,on,1,A,nord,3.0000,,True,dist-TBD,,,4.0000,16000,-41.4141,-41.4741,-26.2811,False,-62.2860,-47.9686,-52.9772,-48.4703,-44.4070,True,20.0195,82.1032
2026-10-04_17-00-03_audio_fan-ON-3m-roomA_dist-TBD_nord.wav,on,1,A,nord,3.0000,,True,dist-TBD,,,4.0000,16000,-51.2755,-51.3325,-38.6450,False,-72.4165,-57.7446,-62.7949,-58.2313,-54.3547,False,13.7695,2.7842
2026-10-04_17-00-04_audio_fan-ON-3m-roomA_dist-TBD_nord.wav,on,1,A,nord,3.0000,,True,dist-TBD,,,4.0000,16000,-47.1904,-47.2540,-31.7104,False,-67.9187,-53.7057,-58.9603,-54.1915,-50.2014,True,20.0195,88.0300
2026-10-04_17-00-05_audio_fan-ON-3m-roomA_dist-TBD_nord.wav,on,1,A,nord,3.0000,,True,dist-TBD,,,4.0000,16000,-50.2534,-50.3534,-38.0533,False,-71.6264,-56.8794,-61.8712,-57.1881,-53.2463,False,10.7422,2.8899
2026-10-04_17-00-06_audio_fan-ON-3m-roomA_dist-TBD_nord.wav,on,1,A,nord,3.0000,,True,dist-TBD,,,4.0000,16000,-49.1712,-49.2272,-33.5446,False,-70.1879,-55.6603,-60.9183,-56.1189,-52.2160,True,20.0195,82.7628
2026-10-04_17-00-07_audio_fan-ON-3m-roomA_dist-TBD_nord.wav,on,1,A,nord,3.0000,,True,dist-TBD,,,4.0000,16000,-42.1083,-42.1468,-29.9851,False,-63.2897,-48.6600,-53.7026,-49.0345,-45.1438,False,12.1094,2.5847
2026-10-04_17-00-08_audio_fan-ON-3m-roomA_dist-TBD_nord.wav,on,1,A,nord,3.0000,,True,dist-TBD,,,4.0000,16000,-42.2227,-42.3056,-25.9173,False,-63.2654,-48.7355,-53.7326,-49.2043,-45.2694,True,20.0195,87.6676
2026-10-04_17-00-09_audio_fan-ON-3m-roomA_dist-TBD_nord.wav,on,1,A,nord,3.0000,,True,dist-TBD,,,4.0000,16000,-42.6557,-42.7152,-29.6728,False,-63.7886,-49.2438,-54.3074,-49.6406,-45.6471,False,16.0156,2.8878
2026-10-04_17-00-10_audio_fan-ON-3m-roomA_dist-TBD_nord.wav,on,1,A,nord,3.0000,,True,dist-TBD,,,4.0000,16000,-48.0931,-48.1531,-33.0664,False,-68.7252,-54.7083,-59.4445,-55.1258,-51.1008,True,20.0195,91.3438
2026-10-04_17-00-11_audio_fan-ON-3m-roomA_dist-TBD_nord.wav,on,1,A,nord,3.0000,,True,dist-TBD,,,4.0000,16000,-46.2931,-46.3382,-33.2350,False,-67.3800,-52.7876,-58.0433,-53.3017,-49.3048,False,28.0762,2.6128
2026-10-04_17-00-12_audio_fan-OFF-3m-roomA_dist-TBD_nord.wav,off,0,A,nord,3.0000,,True,dist-TBD,,,4.0000,16000,-57.0879,-57.1784,-44.5083,False,-76.6449,-73.5725,-67.6044,-63.0590,-59.1501,False,8.0566,2.6467
2026-10-04_17-00-13_audio_fan-OFF-3m-roomA_dist-TBD_nord.wav,off,0,A,nord,3.0000,,True,dist-TBD,,,4.0000,16000,-55.3829,-55.4417,-42.7048,False,-76.0338,-71.6537,-65.9505,-61.4020,-57.4114,False,13.9160,2.4224
2026-10-04_17-00-14_audio_fan-OFF-3m-roomA_dist-TBD_nord.wav,off,0,A,nord,3.0000,,True,dist-TBD,,,4.0000,16000,-53.9617,-54.0006,-42.0095,False,-74.0780,-69.9899,-64.4956,-59.9901,-56.0058,False,24.4629,2.2479
2026-10-04_17-00-15_audio_fan-OFF-3m-roomA_dist-TBD_nord.wav,off,0,A,nord,3.0000,,True,dist-TBD,,,4.0000,16000,-54.3680,-54.4202,-42.0766,False,-74.4436,-70.2778,-64.9729,-60.2742,-56.4559,False,17.8711,3.0303
2026-10-04_17-00-16_audio_fan-OFF-3m-roomA_dist-TBD_nord.wav,off,0,A,nord,3.0000,,True,dist-TBD,,,4.0000,16000,-56.3213,-56.3886,-44.0739,False,-76.3028,-72.2622,-66.8573,-62.4609,-58.3261,False,22.1680,2.0679
2026-10-04_17-00-17_audio_fan-OFF-3m-roomA_dist-TBD_nord.wav,off,0,A,nord,3.0000,,True,dist-TBD,,,4.0000,16000,-53.4772,-53.5746,-40.4259,False,-73.7253,-69.2321,-64.0587,-59.5349,-55.5139,False,23.5352,2.9208
2026-10-04_17-00-18_audio_fan-OFF-3m-roomA_dist-TBD_nord.wav,off,0,A,nord,3.0000,,True,dist-TBD,,,4.0000,16000,-52.0236,-52.0999,-39.2313,False,-72.0756,-68.1454,-62.5099,-58.0230,-54.0888,False,16.0156,2.3445
2026-10-04_17-00-19_audio_fan-OFF-3m-roomA_dist-TBD_nord.wav,off,0,A,nord,3.0000,,True,dist-TBD,,,4.0000,16000,-52.0651,-52.1194,-39.3044,False,-72.0205,-68.0692,-62.6386,-58.2021,-54.0635,False,23.7305,2.5304
2026-10-04_17-00-20_audio_fan-OFF-3m-roomA_dist-TBD_nord.wav,off,0,A,nord,3.0000,,True,dist-TBD,,,4.0000,16000,-52.3351,-52.3436,-39.5275,False,-72.4603,-68.5926,-62.9211,-58.3255,-54.3798,False,22.9492,2.8122
2026-10-04_17-00-21_audio_fan-OFF-3m-roomA_dist-TBD_nord.wav,off,0,A,nord,3.0000,,True,dist-TBD,,,4.0000,16000,-54.4877,-54.5851,-40.1789,False,-74.5871,-70.1495,-64.9445,-60.4699,-56.5743,False,21.9238,2.5153
2026-10-04_17-00-22_audio_fan-OFF-3m-roomA_dist-TBD_nord.wav,off,0,A,nord,3.0000,,True,dist-TBD,,,4.0000,16000,-55.6660,-55.6884,-42.0430,False,-75.6940,-71.6157,-66.3127,-61.7056,-57.6963,False,10.0586,2.8133
2026-10-04_17-00-23_audio_fan-OFF-3m-roomA_dist-TBD_nord.wav,off,0,A,nord,3.0000,,True,dist-TBD,,,4.0000,16000,-51.1261,-51.2173,-37.8440,False,-71.5299,-67.4329,-61.7560,-57.1326,-53.1529,False,10.4492,1.8422
2026-10-04_17-00-24_audio_fan-ON-3m-roomB_dist-TBD_nord.wav,on,1,B,nord,3.0000,,True,dist-TBD,,,4.0000,16000,-34.4781,-34.5304,-19.4949,False,-55.5919,-41.0091,-46.0323,-41.4323,-37.5195,True,20.0195,79.7436
2026-10-04_17-00-25_audio_fan-ON-3m-roomB_dist-TBD_nord.wav,on,1,B,nord,3.0000,,True,dist-TBD,,,4.0000,16000,-44.4622,-44.4879,-32.0221,False,-65.2401,-51.0238,-55.8803,-51.4264,-47.5093,False,20.1660,2.6145
2026-10-04_17-00-26_audio_fan-ON-3m-roomB_dist-TBD_nord.wav,on,1,B,nord,3.0000,,True,dist-TBD,,,4.0000,16000,-44.5819,-44.6719,-28.3085,False,-65.3359,-51.2281,-56.1649,-51.7144,-47.5059,True,20.0195,79.9990
2026-10-04_17-00-27_audio_fan-ON-3m-roomB_dist-TBD_nord.wav,on,1,B,nord,3.0000,,True,dist-TBD,,,4.0000,16000,-39.0675,-39.1033,-25.7205,False,-59.7839,-45.4527,-50.4848,-46.1897,-42.1380,False,8.0078,2.5717
2026-10-04_17-00-28_audio_fan-ON-3m-roomB_dist-TBD_nord.wav,on,1,B,nord,3.0000,,True,dist-TBD,,,4.0000,16000,-46.4377,-46.5060,-31.1186,False,-66.8287,-53.0540,-57.8913,-53.3615,-49.4821,True,20.0195,84.7030
2026-10-04_17-00-29_audio_fan-ON-3m-roomB_dist-TBD_nord.wav,on,1,B,nord,3.0000,,True,dist-TBD,,,4.0000,16000,-39.1828,-39.2362,-26.8394,False,-59.9792,-45.7329,-50.8083,-46.2089,-42.1886,False,27.2461,2.8796
2026-10-04_17-00-30_audio_fan-ON-3m-roomB_dist-TBD_nord.wav,on,1,B,nord,3.0000,,True,dist-TBD,,,4.0000,16000,-42.0693,-42.1653,-26.9096,False,-63.1601,-48.6685,-53.5618,-49.0830,-45.0607,True,20.0195,75.7596
2026-10-04_17-00-31_audio_fan-ON-3m-roomB_dist-TBD_nord.wav,on,1,B,nord,3.0000,,True,dist-TBD,,,4.0000,16000,-34.8864,-34.9333,-21.6112,False,-56.5366,-41.3603,-46.3385,-41.9908,-37.8968,False,23.5352,2.4988
2026-10-04_17-00-32_audio_fan-ON-3m-roomB_dist-TBD_nord.wav,on,1,B,nord,3.0000,,True,dist-TBD,,,4.0000,16000,-47.3979,-47.4542,-30.9674,False,-68.3382,-53.9101,-58.7606,-54.3684,-50.4671,True,20.0195,80.6810
2026-10-04_17-00-33_audio_fan-ON-3m-roomB_dist-TBD_nord.wav,on,1,B,nord,3.0000,,True,dist-TBD,,,4.0000,16000,-37.6512,-37.7007,-24.5619,False,-58.9532,-44.0885,-49.3662,-44.6275,-40.6953,False,22.2656,2.3063
2026-10-04_17-00-34_audio_fan-ON-3m-roomB_dist-TBD_nord.wav,on,1,B,nord,3.0000,,True,dist-TBD,,,4.0000,16000,-37.8037,-37.8916,-21.8474,False,-58.8521,-44.4044,-49.5579,-44.6691,-40.8264,True,20.0195,77.7991
2026-10-04_17-00-35_audio_fan-ON-3m-roomB_dist-TBD_nord.wav,on,1,B,nord,3.0000,,True,dist-TBD,,,4.0000,16000,-40.5912,-40.6638,-27.7994,False,-61.9507,-47.0850,-52.0070,-47.6950,-43.6073,False,27.0020,2.8470
2026-10-04_17-00-36_audio_fan-OFF-3m-roomB_dist-TBD_nord.wav,off,0,B,nord,3.0000,,True,dist-TBD,,,4.0000,16000,-50.9459,-51.0263,-37.7208,False,-71.2903,-67.0453,-61.6470,-56.9591,-52.9625,False,20.3613,3.3560
2026-10-04_17-00-37_audio_fan-OFF-3m-roomB_dist-TBD_nord.wav,off,0,B,nord,3.0000,,True,dist-TBD,,,4.0000,16000,-50.6665,-50.7361,-36.3296,False,-70.8969,-66.9099,-61.1893,-56.6209,-52.7300,False,28.6621,2.0803
2026-10-04_17-00-38_audio_fan-OFF-3m-roomB_dist-TBD_nord.wav,off,0,B,nord,3.0000,,True,dist-TBD,,,4.0000,16000,-52.3350,-52.4000,-39.8601,False,-72.2584,-68.8455,-62.9043,-58.3677,-54.3534,False,22.6074,2.5821
2026-10-04_17-00-39_audio_fan-OFF-3m-roomB_dist-TBD_nord.wav,off,0,B,nord,3.0000,,True,dist-TBD,,,4.0000,16000,-53.2202,-53.2598,-40.8832,False,-72.7284,-69.2246,-63.8747,-59.3329,-55.2266,False,24.5605,2.7033
2026-10-04_17-00-40_audio_fan-OFF-3m-roomB_dist-TBD_nord.wav,off,0,B,nord,3.0000,,True,dist-TBD,,,4.0000,16000,-53.6148,-53.6769,-39.6031,False,-73.7209,-69.6546,-64.2117,-59.5701,-55.6779,False,28.2715,3.3389
2026-10-04_17-00-41_audio_fan-OFF-3m-roomB_dist-TBD_nord.wav,off,0,B,nord,3.0000,,True,dist-TBD,,,4.0000,16000,-49.8724,-49.9076,-37.0538,False,-69.7187,-65.7925,-60.3356,-55.8330,-51.9620,False,25.0000,2.4799
2026-10-04_17-00-42_audio_fan-OFF-3m-roomB_dist-TBD_nord.wav,off,0,B,nord,3.0000,,True,dist-TBD,,,4.0000,16000,-48.4137,-48.4773,-36.2776,False,-68.9466,-64.1667,-59.1131,-54.3638,-50.4695,False,25.6836,2.5860
2026-10-04_17-00-43_audio_fan-OFF-3m-roomB_dist-TBD_nord.wav,off,0,B,nord,3.0000,,True,dist-TBD,,,4.0000,16000,-47.6500,-47.7090,-34.6883,False,-67.8212,-63.9192,-58.3383,-53.7271,-49.6439,False,26.2695,2.3927
2026-10-04_17-00-44_audio_fan-OFF-3m-roomB_dist-TBD_nord.wav,off,0,B,nord,3.0000,,True,dist-TBD,,,4.0000,16000,-51.6497,-51.7116,-38.9920,False,-71.8145,-67.4746,-62.1823,-57.7000,-53.6936,False,29.9805,2.5782
2026-10-04_17-00-45_audio_fan-OFF-3m-roomB_dist-TBD_nord.wav,off,0,B,nord,3.0000,,True,dist-TBD,,,4.0000,16000,-51.9291,-51.9769,-38.8748,False,-71.5786,-68.1303,-62.2440,-57.9537,-54.0019,False,12.4512,2.6166
2026-10-04_17-00-46_audio_fan-OFF-3m-roomB_dist-TBD_nord.wav,off,0,B,nord,3.0000,,True,dist-TBD,,,4.0000,16000,-52.5397,-52.6168,-39.8601,False,-72.6605,-68.4119,-63.0184,-58.6542,-54.5636,False,23.6328,2.3733
2026-10-04_17-00-47_audio_fan-OFF-3m-roomB_dist-TBD_nord.wav,off,0,B,nord,3.0000,,True,dist-TBD,,,4.0000,16000,-48.9676,-49.0014,-35.8563,False,-68.9593,-64.8201,-59.7399,-54.8321,-51.0557,False,10.5957,4.1778
