method,condition,n_cal,shift,alpha,n_seeds,coverage,coverage_sd,set_size,abstain,abstain_sd,empty_rate
pooled,day,500,0.0000,0.1000,200,0.8992,0.0151,0.9428,0.0573,0.0213,0.0572
mondrian,day,500,0.0000,0.1000,200,0.8994,0.0174,0.9436,0.0567,0.0248,0.0565
pooled,night,500,0.0000,0.1000,200,0.8984,0.0148,0.9423,0.0578,0.0217,0.0578
mondrian,night,500,0.0000,0.1000,200,0.9027,0.0250,0.9512,0.0524,0.0344,0.0506
pooled,day,500,0.2500,0.1000,200,0.9239,0.0142,0.9844,0.0227,0.0170,0.0192
mondrian,day,500,0.2500,0.1000,200,0.8994,0.0174,0.9436,0.0567,0.0248,0.0565
pooled,night,500,0.2500,0.1000,200,0.8416,0.0169,0.9799,0.0286,0.0211,0.0244
mondrian,night,500,0.2500,0.1000,200,0.9027,0.0250,1.1219,0.1220,0.0674,0.0001
pooled,day,500,0.5000,0.1000,200,0.9458,0.0126,1.0308,0.0348,0.0226,0.0020
mondrian,day,500,0.5000,0.1000,200,0.8994,0.0174,0.9436,0.0567,0.0248,0.0565
pooled,night,500,0.5000,0.1000,200,0.7913,0.0185,1.0377,0.0430,0.0277,0.0026
mondrian,night,500,0.5000,0.1000,200,0.9027,0.0250,1.3303,0.3303,0.0818,0.0000
pooled,day,500,0.7500,0.1000,200,0.9636,0.0123,1.0848,0.0854,0.0383,0.0003
mondrian,day,500,0.7500,0.1000,200,0.8994,0.0174,0.9436,0.0567,0.0248,0.0565
pooled,night,500,0.7500,0.1000,200,0.7480,0.0209,1.0915,0.0922,0.0403,0.0003
mondrian,night,500,0.7500,0.1000,200,0.9027,0.0250,1.4985,0.4985,0.0817,0.0000
pooled,day,500,1.0000,0.1000,200,0.9782,0.0115,1.1593,0.1595,0.0647,0.0001
mondrian,day,500,1.0000,0.1000,200,0.8994,0.0174,0.9436,0.0567,0.0248,0.0565
pooled,night,500,1.0000,0.1000,200,0.7134,0.0246,1.1396,0.1398,0.0517,0.0001
mondrian,night,500,1.0000,0.1000,200,0.9027,0.0250,1.6140,0.6140,0.0749,0.0000
